{"cameraMode":{"drawMode":0,"name":"Shaded","section":"Shading Mode"},"sceneLighting":false,"audioPlay":false,"sceneViewState":{"m_AlwaysRefresh":false,"showFog":true,"showSkybox":false,"showFlares":true,"showImageEffects":true,"showParticleSystems":true,"showVisualEffectGraphs":true,"m_FxEnabled":true},"in2DMode":false,"pivot":{"x":0.17329883575439454,"y":3.0133676528930666,"z":-19.114540100097658},"rotation":{"x":0.23147180676460267,"y":0.3204669654369354,"z":-0.08115361630916596,"w":0.9149906635284424},"size":4.327213287353516,"orthographic":true}