{"cameraMode":{"drawMode":0,"name":"Shaded","section":"Shading Mode"},"sceneLighting":false,"audioPlay":false,"sceneViewState":{"m_AlwaysRefresh":false,"showFog":true,"showSkybox":false,"showFlares":true,"showImageEffects":true,"showParticleSystems":true,"showVisualEffectGraphs":true,"m_FxEnabled":true},"in2DMode":false,"pivot":{"x":-13.509465217590332,"y":-0.6487026214599609,"z":-12.452596664428711},"rotation":{"x":0.15530914068222047,"y":0.5581380724906921,"z":-0.10728137195110321,"w":0.8080012202262878},"size":20.809751510620118,"orthographic":false}